,player,total_runs,total_wickets,batting_0,batting_1,batting_2,batting_4,batting_6,batting_3,batting_5,balls_faced,bowling_0,bowling_1,bowling_2,bowling_3,bowling_4,bowling_6,bowling_5,bowling_7,balls_bowled,bat_sr,bowl_sr
67,CA Lynn,2745,3,730,620,114,211,170,11,0,1856,14,25,6,1,0,2,0,0,48,147.9,16
135,GJ Maxwell,2084,33,488,552,151,162,93,8,0,1454,228,407,66,9,63,34,0,0,807,143.33,24.45
45,BCJ Cutting,1479,70,415,347,96,100,88,4,0,1050,372,727,188,13,157,58,0,2,1517,140.86,21.67
20,AJ Finch,2430,7,727,672,143,224,86,20,0,1872,31,70,21,0,8,8,0,1,139,129.81,19.86
121,DT Christian,1689,87,465,474,121,109,86,7,0,1262,465,703,168,10,164,72,1,0,1583,133.84,18.2
111,DJM Short,2109,31,602,575,102,208,79,8,0,1574,182,322,61,7,56,43,0,0,671,133.99,21.65
59,BR McDermott,1562,0,403,511,101,93,73,13,0,1194,0,0,0,0,0,0,0,0,0,130.82,NA
336,SE Marsh,2188,0,652,666,140,189,72,18,0,1737,0,0,0,0,0,0,0,0,0,125.96,NA
285,NJ Maddinson,1725,9,635,440,93,157,72,13,0,1410,23,72,11,0,8,3,0,0,117,122.34,13
265,MP Stoinis,2105,37,628,577,160,188,70,12,0,1635,156,235,69,2,60,25,0,0,547,128.75,14.78
158,J Weatherald,1668,0,558,432,65,164,69,10,0,1299,0,0,0,0,0,0,0,0,0,128.41,NA
267,MR Marsh,1480,25,390,455,124,96,64,3,0,1132,163,245,40,5,72,30,1,1,557,130.74,22.28
269,MS Wade,1799,0,405,540,124,150,61,15,0,1295,0,0,0,0,0,0,0,0,0,138.92,NA
12,AD Hales,1354,0,343,321,53,138,61,3,0,919,0,0,0,0,0,0,0,0,0,147.33,NA
243,MC Henriques,1898,20,477,626,152,137,60,20,0,1472,148,241,49,6,61,11,2,1,519,128.94,25.95
377,TM Head,1349,19,374,390,94,96,60,9,0,1023,101,144,44,4,32,13,1,0,339,131.87,17.84
22,AJ Turner,1245,11,314,356,110,78,56,7,0,921,64,94,16,1,24,6,0,0,205,135.18,18.64
85,CL White,1568,1,541,577,95,111,55,9,0,1388,3,13,2,0,0,1,0,0,19,112.97,19
229,LS Livingstone,851,9,263,223,42,52,55,2,0,637,29,56,10,1,7,7,0,0,110,133.59,12.22
58,BR Dunk,1692,2,518,505,132,141,54,10,1,1361,18,25,5,2,9,2,0,0,61,124.32,30.5
357,SR Watson,1014,17,324,267,35,86,53,5,0,770,126,165,35,0,39,20,0,0,385,131.69,22.65
52,BJ Hodge,1330,0,359,412,73,109,52,8,0,1013,1,4,0,0,1,0,0,0,6,131.29,NA
73,CH Gayle,616,7,221,141,21,34,49,1,0,467,51,58,23,2,15,2,0,0,151,131.91,21.57
134,GJ Bailey,1574,0,368,513,123,128,47,7,0,1186,0,0,0,0,0,0,0,0,0,132.72,NA
17,AI Ross,1263,0,349,440,92,90,44,5,0,1020,0,0,0,0,0,0,0,0,0,123.82,NA
30,AT Carey,1588,0,473,513,76,155,43,15,0,1275,0,0,0,0,0,0,0,0,0,124.55,NA
159,JA Burns,1151,3,370,361,96,82,43,4,0,956,20,20,3,1,6,1,0,0,51,120.4,17
77,CJ Ferguson,1882,0,495,728,122,157,41,12,0,1555,0,0,0,0,0,0,0,0,0,121.03,NA
224,LJ Wright,1389,6,469,343,81,152,41,10,0,1096,36,75,34,1,21,3,0,0,170,126.73,28.33
374,TLW Cooper,1311,10,439,382,105,110,41,11,0,1088,100,100,15,5,27,11,0,0,258,120.5,25.8
66,CA Ingram,868,1,251,266,41,67,40,4,0,669,19,36,7,0,6,5,0,0,73,129.75,73
114,DP Hughes,1756,0,564,577,120,168,38,13,0,1480,0,0,0,0,0,0,0,0,0,118.65,NA
44,BB McCullum,920,0,277,243,40,87,38,7,0,692,0,0,0,0,0,0,0,0,0,132.95,NA
198,JR Philippe,1306,0,311,364,86,131,37,8,0,937,0,0,0,0,0,0,0,0,0,139.38,NA
101,DJ Bravo,677,57,194,204,52,36,36,3,0,525,248,472,146,8,89,30,0,0,993,128.95,17.42
234,M Klinger,1737,0,599,576,123,168,33,15,0,1514,0,0,0,0,0,0,0,0,0,114.73,NA
254,MJ Lumb,931,0,357,229,66,87,33,8,0,780,0,0,0,0,0,0,0,0,0,119.36,NA
147,HWR Cartwright,924,4,323,304,63,71,33,4,0,798,17,31,8,0,10,11,2,0,79,115.79,19.75
187,JM Vince,1278,0,335,374,95,123,32,10,0,969,0,0,0,0,0,0,0,0,0,131.89,NA
211,KP Pietersen,1026,0,270,317,61,92,32,9,0,781,1,6,3,0,2,0,0,0,12,131.37,NA
286,NJ Reardon,717,0,228,224,56,45,32,3,0,588,2,5,3,0,0,3,0,0,13,121.94,NA
174,JJ Peirson,1160,0,356,374,92,99,31,5,1,958,0,0,0,0,0,0,0,0,0,121.09,NA
316,RJ Quiney,748,0,244,189,40,68,31,7,0,579,0,0,0,0,0,0,0,0,0,129.19,NA
206,JW Wells,1989,0,552,756,162,165,30,23,0,1688,1,5,0,0,0,0,0,0,6,117.83,NA
329,SB Harper,981,0,282,272,68,93,30,7,0,752,0,0,0,0,0,0,0,0,0,130.45,NA
82,CJ Simmons,501,3,173,87,28,43,30,2,0,363,33,37,5,0,9,1,0,0,85,138.02,28.33
165,JC Silk,1512,0,359,584,168,100,29,6,0,1246,0,0,0,0,0,0,0,0,0,121.35,NA
379,TP Ludeman,924,0,329,264,63,87,29,4,0,776,0,0,0,0,0,0,0,0,0,119.07,NA
380,TR Birt,572,0,162,130,39,46,29,2,0,408,0,0,0,0,0,0,0,0,0,140.2,NA
191,JP Inglis,941,0,221,268,57,94,28,5,0,673,0,0,0,0,0,0,0,0,0,139.82,NA
94,CT Bancroft,1074,0,302,392,95,70,28,13,1,901,0,0,0,0,0,0,0,0,0,119.2,NA
54,BJ Rohrer,912,0,243,264,92,68,28,8,0,703,0,0,0,0,0,0,0,0,0,129.73,NA
268,MS Harris,970,0,355,267,44,105,27,11,0,809,0,0,0,0,0,0,0,0,0,119.9,NA
231,M Bryant,782,0,259,155,38,95,27,3,0,577,0,0,0,0,0,0,0,0,0,135.53,NA
164,JC Buttler,605,0,174,144,40,54,26,3,0,441,0,0,0,0,0,0,0,0,0,137.19,NA
263,Mohammad Nabi,625,28,194,174,55,44,26,3,0,496,178,255,45,4,39,29,0,0,550,126.01,19.64
120,DR Sams,431,67,121,108,33,23,26,3,0,314,327,359,70,6,118,41,0,1,922,137.26,13.76
386,UT Khawaja,1601,0,524,437,105,192,25,12,0,1295,0,0,0,0,0,0,0,0,0,123.63,NA
308,PSP Handscomb,1022,0,295,370,76,83,25,6,0,855,0,0,0,0,0,0,0,0,0,119.53,NA
55,BJ Webster,759,1,198,262,70,51,24,3,0,608,45,105,15,2,13,6,0,0,186,124.84,186
194,JR Dean,317,0,115,69,11,19,24,2,0,240,0,0,0,0,0,0,0,0,0,132.08,NA
270,MT Renshaw,756,6,231,259,52,60,23,5,0,630,52,84,15,2,12,11,0,0,176,120,29.33
366,TD Paine,949,0,310,295,56,95,22,10,0,788,0,0,0,0,0,0,0,0,0,120.43,NA
51,BJ Haddin,550,0,172,139,33,48,22,7,0,421,0,0,0,0,0,0,0,0,0,130.64,NA
302,PD Salt,671,0,171,167,35,74,21,4,0,472,0,0,0,0,0,0,0,0,0,142.16,NA
290,NM Coulter-Nile,320,67,105,63,22,21,21,1,0,233,425,442,93,8,133,46,2,0,1149,137.34,17.15
14,AD Russell,270,19,62,49,14,16,21,1,0,163,133,142,35,2,45,16,1,1,375,165.64,19.74
244,MEK Hussey,671,0,178,213,56,52,20,6,0,525,0,0,0,0,0,0,0,0,0,127.81,NA
207,KA Pollard,369,17,90,93,28,25,20,0,0,256,58,113,24,2,24,16,0,0,237,144.14,13.94
310,Rashid Khan,314,72,88,59,20,23,20,1,0,211,458,517,83,7,80,40,0,1,1186,148.82,16.47
103,DJ Hussey,744,11,184,253,62,61,19,3,0,582,52,82,12,5,14,4,0,0,169,127.84,15.36
333,SD Heazlett,527,0,180,144,35,49,19,1,0,428,0,0,0,0,0,0,0,0,0,123.13,NA
64,C Munro,470,0,137,155,24,36,19,3,0,374,0,0,0,0,0,0,0,0,0,125.67,NA
7,AC Agar,517,35,175,192,42,28,19,5,0,461,242,466,58,4,52,43,0,0,865,112.15,24.71
367,TH David,388,0,92,105,33,25,19,1,0,275,4,4,0,0,0,0,0,0,8,141.09,NA
358,SW Billings,543,0,125,161,47,45,17,2,0,397,0,0,0,0,0,0,0,0,0,136.78,NA
277,MW Short,458,3,157,177,32,28,16,3,0,413,33,74,22,0,14,3,0,0,146,110.9,48.67
360,T Banton,223,0,54,34,9,18,16,1,0,132,0,0,0,0,0,0,0,0,0,168.94,NA
76,CJ Boyce,265,81,92,81,10,17,16,0,0,216,426,813,147,4,100,82,0,0,1572,122.69,19.41
168,JD Wildermuth,234,41,90,68,18,7,16,2,0,201,319,400,80,13,121,36,0,0,969,116.42,23.63
282,NCR Larkin,747,0,224,235,48,78,15,3,1,604,0,0,0,0,0,0,0,0,0,123.68,NA
8,AC Blizzard,572,0,171,168,49,51,15,4,0,458,0,0,0,0,0,0,0,0,0,124.89,NA
327,SA Abbott,386,112,154,131,35,23,15,1,0,359,525,628,143,13,182,86,3,0,1580,107.52,14.11
175,JJ Roy,523,0,174,130,21,63,14,5,0,407,0,0,0,0,0,0,0,0,0,128.5,NA
141,HH Gibbs,488,0,149,103,28,59,14,3,0,356,0,0,0,0,0,0,0,0,0,137.08,NA
355,SPD Smith,606,7,141,220,50,49,14,2,0,476,34,51,8,1,6,9,0,0,109,127.31,15.57
179,JL Denly,506,2,214,149,41,44,14,5,0,467,21,49,10,0,8,3,0,0,91,108.35,45.5
275,MW Harvey,360,0,130,92,23,33,14,2,0,294,0,0,0,0,0,0,0,0,0,122.45,NA
190,JP Faulkner,544,86,171,248,55,24,14,2,0,514,496,464,132,12,150,49,2,0,1305,105.84,15.17
11,AC Voges,959,4,221,378,95,76,13,3,0,786,15,44,2,0,4,2,0,0,67,122.01,16.75
221,LA Pomersbach,453,0,169,106,26,52,13,3,0,369,0,0,0,0,0,0,0,0,0,122.76,NA
350,SM Whiteman,487,0,169,154,34,43,13,5,0,418,0,0,0,0,0,0,0,0,0,116.51,NA
153,J Botha,562,42,154,184,54,43,13,5,1,454,407,565,115,11,86,52,1,0,1237,123.79,29.45
171,JH Kallis,343,6,110,109,11,32,13,2,0,277,83,69,15,3,22,7,0,0,199,123.83,33.17
248,MG Neser,402,67,133,122,38,30,13,2,0,338,442,507,119,13,165,55,1,1,1303,118.93,19.45
79,CJ Green,396,50,98,126,41,26,13,2,0,306,361,496,95,7,79,55,0,0,1093,129.41,21.86
326,S Milenko,333,9,117,102,24,24,13,3,0,283,33,54,11,1,14,12,0,0,125,117.67,13.89
124,EJG Morgan,318,0,112,106,21,23,13,0,0,275,0,0,0,0,0,0,0,0,0,115.64,NA
279,N Pooran,127,0,34,23,1,6,13,0,0,77,0,0,0,0,0,0,0,0,0,164.94,NA
126,EP Gulbis,386,12,118,111,30,35,11,3,0,308,97,163,30,3,52,10,0,0,355,125.32,29.58
50,BJ Dwarshuis,272,88,84,86,28,16,11,0,0,225,568,555,131,12,181,73,2,0,1522,120.89,17.3
162,JA Richardson,223,72,64,56,19,15,11,1,0,166,479,419,84,12,154,43,4,0,1195,134.34,16.6
205,JW Hastings,168,56,51,35,14,9,11,1,0,121,291,285,88,2,88,31,2,1,788,138.84,14.07
241,MA Carberry,346,0,114,91,22,37,10,1,0,275,0,0,0,0,0,0,0,0,0,125.82,NA
304,PJ Forrest,478,0,198,182,40,36,10,4,0,470,0,0,0,0,0,0,0,0,0,101.7,NA
256,MJ North,439,2,163,156,35,36,10,3,0,403,12,39,10,0,1,4,0,0,66,108.93,33
214,KW Richardson,262,103,80,94,22,16,10,0,0,222,664,599,167,12,219,67,2,0,1730,118.02,16.8
5,AB McDonald,219,5,77,83,15,10,10,2,0,197,20,31,13,0,12,4,0,0,80,111.17,16
298,OA Shah,329,0,100,113,24,27,9,2,0,275,0,0,0,0,0,0,0,0,0,119.64,NA
335,SE Gotch,377,0,156,165,25,24,9,4,0,383,0,0,0,0,0,0,0,0,0,98.43,NA
15,ADS Fletcher,206,0,75,44,10,22,9,0,0,160,3,1,1,0,0,1,0,0,6,128.75,NA
276,MW Hill,268,0,85,85,18,21,9,3,0,221,0,0,0,0,0,0,0,0,0,121.27,NA
107,DJ Willey,227,25,94,80,14,14,9,3,0,214,206,175,38,0,65,19,1,0,504,106.07,20.16
97,DA Miller,198,0,47,70,17,10,9,0,0,153,0,0,0,0,0,0,0,0,0,129.41,NA
371,TK Curran,318,44,69,92,21,34,8,0,0,224,193,257,66,4,61,28,2,2,613,141.96,13.93
63,C Kieswetter,192,0,86,53,8,18,8,1,0,174,0,0,0,0,0,0,0,0,0,110.34,NA
216,L Gregory,173,7,55,47,13,13,8,0,0,136,32,87,18,1,21,11,0,0,170,127.21,24.29
368,TIF Triffitt,173,0,54,57,10,12,8,0,0,141,0,0,0,0,0,0,0,0,0,122.7,NA
40,BA Stokes,128,3,36,24,6,11,8,0,0,85,12,7,3,0,6,4,0,0,32,150.59,10.67
303,PJ Cummins,161,19,47,50,10,10,8,1,0,126,122,125,22,5,56,17,1,0,348,127.78,18.32
297,O Davies,90,0,26,22,6,2,8,0,0,64,0,0,0,0,0,0,0,0,0,140.62,NA
225,LMP Simmons,177,0,69,46,5,19,7,1,0,147,0,0,0,0,0,0,0,0,0,120.41,NA
69,CA Rose,183,31,48,52,12,15,7,0,1,135,311,414,64,9,110,53,0,0,961,135.56,31
375,TM Beaton,194,0,32,58,16,14,7,2,0,129,0,0,0,0,0,0,0,0,0,150.39,NA
21,AJ Nair,238,22,72,83,27,14,7,1,0,204,128,240,37,1,32,24,0,0,462,116.67,21
98,DA Warner,152,0,25,29,15,12,7,1,0,89,0,0,0,0,0,0,0,0,0,170.79,NA
152,J Avendano,150,0,65,46,7,12,7,0,0,137,0,0,0,0,0,0,0,0,0,109.49,NA
349,SM Katich,379,0,106,120,29,39,6,3,0,303,0,0,0,0,0,0,0,0,0,125.08,NA
104,DJ Malan,265,0,91,106,14,23,6,1,0,241,0,0,0,0,0,0,0,0,0,109.96,NA
150,IR Bell,231,0,67,76,20,19,6,1,0,189,0,0,0,0,0,0,0,0,0,122.22,NA
117,DPMD Jayawardene,191,0,68,58,11,18,6,1,0,162,0,0,0,0,0,0,0,0,0,117.9,NA
199,JS Floros,204,3,83,82,9,17,6,0,0,197,55,81,15,1,22,11,0,0,185,103.55,61.67
23,AJ Tye,162,98,80,37,13,15,6,1,0,152,506,625,134,13,152,57,3,0,1490,106.58,15.2
312,RGL Carters,274,0,107,121,29,14,6,1,0,278,0,0,0,0,0,0,0,0,0,98.56,NA
289,NLTC Perera,119,13,22,29,7,10,6,0,0,74,38,83,20,2,18,9,0,0,170,160.81,13.08
4,AB de Villiers,146,0,27,52,13,8,6,0,0,106,0,0,0,0,0,0,0,0,0,137.74,NA
201,JS Lenton,131,0,38,29,17,8,6,0,0,98,0,0,0,0,0,0,0,0,0,133.67,NA
109,DJG Sammy,123,5,29,29,13,8,6,0,0,85,33,66,19,2,18,7,0,0,145,144.71,29
161,JA Prestwidge,100,14,47,26,3,8,6,0,0,90,98,121,26,1,31,8,1,0,286,111.11,20.43
61,BW Hilfenhaus,142,36,59,40,17,8,6,0,0,130,239,289,59,7,79,31,2,0,706,109.23,19.61
212,KR Patterson,481,0,182,175,38,47,5,4,0,451,0,0,0,0,0,0,0,0,0,106.65,NA
352,SNJ O'Keefe,308,67,127,97,31,29,5,1,0,290,497,664,114,11,91,46,3,0,1426,106.21,21.28
102,DJ Harris,237,0,119,70,15,23,5,5,0,237,2,5,2,0,4,0,0,0,13,100,NA
235,M Labuschagne,273,12,78,113,28,17,5,2,0,243,49,54,20,1,8,16,1,0,149,112.35,12.42
239,M Wright,178,0,52,75,11,12,5,1,0,156,0,0,0,0,0,0,0,0,0,114.1,NA
176,JJS Sangha,178,0,66,68,15,11,5,2,0,167,1,3,0,0,2,0,0,0,6,106.59,NA
232,M Gilkes,144,0,71,42,11,11,5,2,0,142,0,0,0,0,0,0,0,0,0,101.41,NA
172,JJ Bazley,94,3,27,25,4,7,5,1,0,69,15,40,10,0,7,2,0,0,74,136.23,24.67
26,AM Hardie,131,13,36,52,9,7,5,1,0,110,86,124,36,3,37,14,0,0,300,119.09,23.08
271,MT Steketee,107,70,68,32,7,7,5,1,0,120,413,413,100,14,145,69,1,1,1156,89.17,16.51
393,WG Jacks,79,1,31,25,6,3,5,0,0,70,5,15,0,0,2,2,0,0,24,112.86,24
106,DJ Thornely,90,4,19,30,9,3,5,0,0,66,25,34,7,0,9,3,0,0,78,136.36,19.5
19,AJ Doolan,388,0,157,129,28,41,4,5,0,364,0,0,0,0,0,0,0,0,0,106.59,NA
249,MH Wessels,205,0,78,68,13,21,4,1,0,185,0,0,0,0,0,0,0,0,0,110.81,NA
313,RJ Gibson,231,0,93,82,19,19,4,2,1,220,1,2,2,0,1,0,0,0,6,105,NA
278,N McAndrew,91,23,17,13,9,9,4,0,0,52,153,182,36,6,78,19,1,1,476,175,20.7
74,CH Morris,112,26,25,31,9,9,4,1,0,79,121,128,25,0,45,12,0,0,331,141.77,12.73
108,DJ Worrall,111,36,33,31,7,9,4,2,0,86,347,259,77,16,128,30,0,0,857,129.07,23.81
37,B Laughlin,134,118,80,52,11,9,4,0,0,156,614,809,222,13,212,80,1,2,1953,85.9,16.55
155,J Fraser-McGurk,127,0,50,48,10,8,4,1,0,121,1,2,2,0,1,0,0,0,6,104.96,NA
341,Shoaib Malik,125,12,49,38,14,8,4,1,0,114,66,94,11,0,15,13,0,0,199,109.65,16.58
323,RT Ponting,113,0,48,31,6,7,4,6,0,102,0,0,0,0,0,0,0,0,0,110.78,NA
188,JO Holder,62,2,14,8,1,7,4,0,0,34,23,19,5,0,12,1,0,0,60,182.35,30
353,SP Narine,63,18,25,13,3,5,4,0,0,50,105,119,30,6,21,13,0,1,295,126,16.39
287,NJ Rimmington,124,47,56,48,16,5,4,0,0,129,267,315,82,5,103,28,0,0,800,96.12,17.02
182,JM Clarke,44,0,8,8,2,2,4,0,0,24,0,0,0,0,0,0,0,0,0,183.33,NA
180,JL Pattinson,68,33,28,30,5,1,4,0,0,68,205,216,38,12,70,25,4,0,570,100,17.27
86,CP Jewell,304,0,112,93,20,36,3,3,0,267,0,0,0,0,0,0,0,0,0,113.86,NA
200,JS Lehmann,267,1,96,112,14,25,3,3,0,253,5,11,5,0,2,1,0,1,25,105.53,25
209,KC Sangakkara,173,0,57,57,15,14,3,4,0,150,0,0,0,0,0,0,0,0,0,115.33,NA
142,HJ Nielsen,134,0,41,47,7,13,3,1,0,112,0,0,0,0,0,0,0,0,0,119.64,NA
3,A Zampa,139,83,75,47,10,12,3,2,0,149,482,748,137,12,83,80,1,0,1543,93.29,18.59
33,AW Robinson,71,0,30,17,2,8,3,0,0,60,0,0,0,0,0,0,0,0,0,118.33,NA
383,TT Bresnan,85,21,25,25,7,7,3,0,0,67,88,124,26,3,38,12,0,0,291,126.87,13.86
296,NT Ellis,101,37,33,47,4,7,3,0,0,94,190,295,67,3,67,27,0,1,650,107.45,17.57
339,Shahid Afridi,69,8,12,23,2,6,3,0,0,46,43,68,13,2,15,5,1,0,147,150,18.38
340,Shakib Al Hasan,87,10,32,25,10,6,3,0,0,76,53,51,12,1,8,3,0,0,128,114.47,12.8
38,B Lee,82,41,30,20,10,6,3,0,0,69,337,312,77,8,91,17,4,0,846,118.84,20.63
88,CP Tremain,80,44,33,21,7,6,3,1,0,71,383,405,91,14,116,51,2,0,1062,112.68,24.14
295,NR Hobson,86,0,33,24,12,5,3,0,0,77,0,0,0,0,0,0,0,0,0,111.69,NA
81,CJ McKay,85,50,22,34,5,5,3,1,0,70,264,304,67,7,88,31,1,2,764,121.43,15.28
53,BJ Holt,65,0,28,25,3,4,3,0,0,63,0,0,0,0,0,0,0,0,0,103.17,NA
233,M Kelly,61,31,17,17,5,4,3,0,0,46,155,195,37,3,59,18,0,0,467,132.61,15.06
80,CJ Jordan,83,33,47,39,7,3,3,0,0,99,153,212,43,6,74,22,1,0,511,83.84,15.48
128,Fawad Ahmed,42,79,33,12,2,2,3,0,0,52,547,823,128,10,116,70,1,0,1695,80.77,21.46
6,Abdul Razzaq,42,2,16,14,3,1,3,0,0,37,23,28,6,1,8,8,0,0,74,113.51,37
306,PM Nevill,307,0,123,121,32,26,2,2,0,306,0,0,0,0,0,0,0,0,0,100.33,NA
305,PJ Hughes,167,0,60,55,12,19,2,0,0,148,0,0,0,0,0,0,0,0,0,112.84,NA
300,PA Jaques,207,0,53,85,18,17,2,2,0,177,0,0,0,0,0,0,0,0,0,116.95,NA
75,CJ Borgas,145,0,51,58,16,10,2,1,0,138,1,2,0,0,0,3,0,0,6,105.07,NA
301,PD Collingwood,113,0,36,31,15,10,2,0,0,94,4,10,1,0,1,2,1,0,19,120.21,NA
251,MJ Cosgrove,86,1,43,34,4,8,2,0,0,91,2,3,1,0,0,0,1,0,7,94.51,7
342,SJ Coyte (2),63,8,14,15,4,7,2,0,0,42,86,104,16,2,22,7,0,0,237,150,29.62
89,CR Brathwaite,71,30,33,22,2,7,2,0,1,67,149,196,46,2,53,14,0,0,460,105.97,15.33
2,A Flintoff,74,4,23,22,8,6,2,0,0,61,15,30,10,1,10,8,0,0,74,121.31,18.5
118,DR Briggs,55,11,18,7,6,6,2,0,0,39,80,136,27,1,25,9,0,0,278,141.03,25.27
18,AJ Crosthwaite,60,0,30,18,5,5,2,0,0,60,0,0,0,0,0,0,0,0,0,100,NA
218,L Ronchi,65,0,24,21,6,5,2,0,0,58,0,0,0,0,0,0,0,0,0,112.07,NA
112,DL Vettori,73,9,25,27,7,5,2,0,0,66,112,150,37,3,23,11,1,0,337,110.61,37.44
311,RE van der Merwe,42,1,6,16,1,3,2,0,0,28,5,14,3,0,4,4,0,0,30,150,30
388,W Sutherland,65,9,35,25,8,3,2,0,0,73,62,88,19,2,29,11,0,0,211,89.04,23.44
281,Naved-ul-Hasan,35,16,8,7,2,3,2,0,0,22,52,75,22,0,18,5,0,0,172,159.09,10.75
32,AW O'Brien,68,22,31,23,9,3,2,1,0,69,154,222,52,3,23,24,0,0,478,98.55,21.73
319,RN ten Doeschate,60,0,17,24,8,2,2,0,0,53,0,0,0,0,0,0,0,0,0,113.21,NA
343,SJC Keen,42,1,21,14,4,2,2,0,0,43,5,12,4,0,3,1,0,0,25,97.67,25
356,SR Patel,34,7,11,9,1,2,2,1,0,26,51,85,18,1,14,6,0,0,175,130.77,25
163,JC Archer,61,38,12,18,10,2,2,1,0,45,250,243,38,6,84,17,4,1,643,135.56,16.92
143,HM Nicholls,38,0,9,16,3,1,2,0,0,31,0,0,0,0,0,0,0,0,0,122.58,NA
258,MJ Prior,32,0,33,9,2,1,2,1,0,48,0,0,0,0,0,0,0,0,0,66.67,NA
145,HP Kingston,29,4,7,3,5,1,2,0,0,18,18,31,8,2,10,6,1,0,76,161.11,19
253,MJ Johnston,39,3,10,10,7,0,2,1,0,30,40,27,8,0,9,7,0,0,91,130,30.33
154,J Edwards,247,0,105,91,23,26,1,0,0,246,0,0,0,0,0,0,0,0,0,100.41,NA
260,ML Hayden,118,0,47,30,6,16,1,2,0,102,0,0,0,0,0,0,0,0,0,115.69,NA
321,RR Rossouw,105,0,25,35,6,13,1,0,0,80,0,0,0,0,0,0,0,0,0,131.25,NA
261,MN Samuels,73,9,34,19,2,11,1,0,0,67,46,63,12,2,5,6,0,0,134,108.96,14.89
376,TM Dilshan,62,0,28,9,2,10,1,1,0,51,11,17,1,2,2,4,0,0,37,121.57,NA
27,AP Devcich,91,1,40,31,7,10,1,0,0,89,4,4,1,1,2,0,0,0,12,102.25,12
177,JK Lalor,110,65,63,54,7,9,1,0,0,134,408,459,110,10,134,56,2,0,1179,82.09,18.14
65,C Valente,84,8,31,28,6,8,1,2,0,76,45,109,25,2,21,12,0,0,214,110.53,26.75
125,EJM Cowan,67,0,32,25,4,7,1,0,0,69,0,0,0,0,0,0,0,0,0,97.1,NA
78,CJ Gannon,70,28,37,18,9,7,1,0,0,72,118,190,47,3,53,22,0,0,433,97.22,15.46
83,CJL Rogers,63,0,39,21,3,6,1,2,0,72,0,0,0,0,0,0,0,0,0,87.5,NA
189,JP Behrendorff,73,74,26,29,7,6,1,0,0,69,576,473,69,10,149,36,3,1,1317,105.8,17.8
322,RS Bopara,68,2,23,22,10,5,1,0,0,61,24,46,8,0,7,3,1,0,89,111.48,44.5
31,AU Rashid,43,16,6,9,1,5,1,2,0,24,81,85,22,5,8,9,0,0,210,179.17,13.12
272,Mujeeb Ur Rahman,49,30,16,11,6,5,1,0,0,39,271,233,35,6,49,19,1,0,614,125.64,20.47
122,DW Lawrence,41,0,22,17,1,4,1,0,0,45,6,8,2,0,2,1,0,0,19,91.11,NA
137,GS Sandhu,52,43,30,20,5,4,1,0,0,60,311,410,82,10,92,45,1,0,951,86.67,22.12
92,CS Delport,30,0,15,8,4,2,1,0,0,30,0,0,0,0,0,0,0,0,0,100,NA
317,RJG Lockyear,34,1,22,15,1,2,1,1,0,42,14,12,3,1,3,4,0,0,37,80.95,37
148,IA Moran,21,2,7,7,0,2,1,0,0,17,9,20,6,0,6,2,0,0,43,123.53,21.5
266,MR Day,29,0,8,6,5,1,1,1,0,22,2,5,5,0,1,1,0,0,14,131.82,NA
365,TD Cruickshank,17,0,23,3,2,1,1,0,0,30,0,0,0,0,0,0,0,0,0,56.67,NA
93,CS Sandri,22,2,7,3,3,1,1,1,0,16,7,21,2,0,4,2,0,0,36,137.5,18
288,NL McCullum,23,3,13,9,2,1,1,0,0,26,22,17,1,1,6,1,0,0,48,88.46,16
394,XC Bartlett,25,12,6,10,1,1,1,1,0,20,91,96,27,4,32,7,0,0,257,125,21.42
222,LC Hatcher,16,13,10,6,0,1,1,0,0,18,60,110,17,2,26,10,1,0,226,88.89,17.38
399,Zahir Khan,24,15,4,8,3,1,1,0,0,17,117,164,27,7,32,7,0,0,354,141.18,23.6
309,Qais Ahmad,31,20,20,15,3,1,1,0,0,40,105,190,29,5,31,18,2,0,380,77.5,19
132,GB Hogg,30,60,19,18,1,1,1,0,0,40,407,590,119,15,72,44,0,1,1248,75,20.8
307,PM Siddle,34,64,26,18,3,1,1,0,0,49,404,436,71,7,106,37,1,0,1062,69.39,16.59
138,H Kerr,25,0,15,13,3,0,1,0,0,32,6,9,1,0,2,0,0,0,18,78.12,NA
284,ND Buchanan,11,4,10,5,0,0,1,0,0,16,20,33,4,2,13,5,0,0,77,68.75,19.25
13,AD Mascarenhas,25,7,12,13,3,0,1,0,0,29,52,48,14,1,13,12,1,0,141,86.21,20.14
398,Z Evans,8,10,5,0,1,0,1,0,0,7,35,37,6,0,17,8,0,0,103,114.29,10.3
151,IS Sodhi,13,11,3,3,2,0,1,0,0,9,32,28,2,2,2,4,0,0,70,144.44,6.36
178,JK Reed,8,13,0,2,0,0,1,0,0,3,62,48,14,2,36,7,0,0,169,266.67,13
230,LW Feldman,12,14,5,2,2,0,1,0,0,10,108,84,28,4,31,6,0,1,262,120,18.71
42,BAD Manenti,24,17,18,8,5,0,1,0,0,32,115,183,23,2,27,14,0,0,364,75,21.41
197,JR Hopes,207,24,83,71,20,24,0,0,0,198,184,256,52,5,55,13,1,0,566,104.55,23.58
169,JE Root,93,0,30,38,4,11,0,1,0,84,0,5,1,0,0,0,0,0,6,110.71,NA
392,WG Bosisto,102,1,52,39,8,11,0,1,0,111,11,18,2,0,4,1,0,0,36,91.89,36
62,C Green,106,0,33,48,15,7,0,0,0,103,2,5,2,0,3,0,0,0,12,102.91,NA
113,DLR Smith,72,0,63,34,5,7,0,0,0,109,0,0,0,0,0,0,0,0,0,66.06,NA
71,CD Hartley,80,0,26,38,9,6,0,0,0,79,0,0,0,0,0,0,0,0,0,101.27,NA
347,SM Boland,56,75,32,26,5,5,0,0,0,68,427,460,112,12,163,52,1,0,1227,82.35,16.36
213,KR Smith,44,0,17,17,4,4,0,1,0,43,2,3,0,0,1,0,0,0,6,102.33,NA
72,CD Hinchliffe,70,11,34,43,4,4,0,1,0,86,51,104,23,1,17,10,1,0,207,81.4,18.82
149,Imad Wasim,56,11,19,24,8,4,0,0,0,55,77,103,18,1,25,4,0,0,228,101.82,20.73
390,WD Sheridan,66,12,26,28,8,4,0,2,0,68,72,56,12,2,19,13,1,0,175,97.06,14.58
396,Yasir Arafat,35,30,7,13,3,4,0,0,0,27,133,148,29,1,38,13,1,0,363,129.63,12.1
259,MJ Swepson,48,51,30,20,6,4,0,0,0,60,297,505,104,8,63,46,5,0,1028,80,20.16
156,J Merlo,24,0,10,8,2,3,0,0,0,23,3,5,2,0,0,2,0,0,12,104.35,NA
43,BAW Mendis,13,3,7,1,0,3,0,0,0,11,33,28,5,1,1,5,0,0,73,118.18,24.33
291,NM Hauritz,31,11,3,9,5,3,0,0,0,20,109,152,37,6,30,21,0,0,355,155,32.27
196,JR Hazlewood,17,28,7,5,0,3,0,0,0,15,152,160,41,5,44,13,0,0,415,113.33,14.82
36,B Doggett,31,30,16,12,2,3,0,1,0,34,184,230,49,5,63,22,2,0,555,91.18,18.5
389,WA Agar,26,44,7,5,3,3,0,1,0,19,239,270,56,3,96,37,2,0,703,136.84,15.98
195,JR Doran,42,0,24,20,7,2,0,0,0,53,0,0,0,0,0,0,0,0,0,79.25,NA
257,MJ Owen,11,0,2,3,0,2,0,0,0,7,1,2,0,0,1,2,0,0,6,157.14,NA
330,SB Styris,25,0,5,9,4,2,0,0,0,20,14,8,5,0,3,3,0,0,33,125,NA
378,TP Doropoulos,12,0,9,4,0,2,0,0,0,15,1,4,1,0,0,1,0,0,7,80,NA
372,TL Lawford,19,3,8,7,2,2,0,0,0,19,25,35,14,1,13,4,0,0,92,100,30.67
186,JM Muirhead,11,6,2,1,1,2,0,0,0,6,35,71,11,0,9,8,0,0,134,183.33,22.33
315,RJ Harris,29,9,10,9,6,2,0,0,0,27,36,28,10,0,16,2,0,0,92,107.41,10.22
332,SCJ Broad,14,9,2,4,1,2,0,0,0,9,62,74,18,3,25,4,1,0,187,155.56,20.78
346,SL Rainbird,23,14,10,8,2,2,0,1,0,23,104,150,44,5,47,13,0,0,363,100,25.93
292,NM Lyon,35,42,18,21,3,2,0,0,0,44,242,288,66,6,51,25,0,0,678,79.55,16.14
181,JM Bird,60,60,30,40,6,2,0,0,0,78,535,466,106,14,169,40,2,0,1332,76.92,22.2
95,CT Tremlett,8,0,2,4,0,1,0,0,0,7,1,3,1,0,1,0,0,0,6,114.29,NA
130,GA Manou,24,0,11,16,2,1,0,0,0,30,0,0,0,0,0,0,0,0,0,80,NA
219,L Scott,10,0,7,6,0,1,0,0,0,14,4,4,1,0,1,3,0,0,13,71.43,NA
250,MJ Buchanan,11,0,11,5,1,1,0,0,0,18,0,0,0,0,0,0,0,0,0,61.11,NA
252,MJ Guptill,20,0,15,8,4,1,0,0,0,28,0,0,0,0,0,0,0,0,0,71.43,NA
262,Mohammad Hafeez,4,0,5,0,0,1,0,0,0,6,5,10,2,0,2,0,0,0,19,66.67,NA
369,TJ Armstrong,15,0,19,7,2,1,0,0,0,29,0,0,0,0,0,0,0,0,0,51.72,NA
370,TJ Dean,18,0,8,8,3,1,0,0,0,20,0,0,0,0,0,0,0,0,0,90,NA
387,W Parker,12,0,4,4,2,1,0,0,0,11,6,16,5,0,1,3,0,0,31,109.09,NA
57,BMAJ Mendis,7,1,8,1,1,1,0,0,0,11,18,19,8,0,2,1,0,0,48,63.64,48
87,CP Simpson,8,1,0,4,0,1,0,0,0,5,7,7,3,0,3,0,0,0,20,160,20
210,KMA Paul,8,1,4,4,0,1,0,0,0,9,5,13,4,1,7,2,1,0,33,88.89,33
373,TL O'Connell,9,1,2,3,1,1,0,0,0,7,10,15,7,0,1,3,0,0,36,128.57,36
91,CR Woakes,8,2,5,4,0,1,0,0,0,10,20,16,3,1,8,1,0,0,49,80,24.5
48,BG Drew,15,3,15,7,2,1,0,0,0,25,15,24,3,0,6,1,1,0,50,60,16.67
264,MP Kuhnemann,10,5,5,2,2,1,0,0,0,10,47,77,5,0,16,3,1,0,149,100,29.8
105,DJ Pattinson,8,6,3,2,1,1,0,0,0,7,58,51,16,1,19,4,0,0,149,114.29,24.83
331,SCG MacGill,6,7,2,2,0,1,0,0,0,5,61,61,15,0,10,6,0,0,153,120,21.86
220,LA Doran,6,8,4,2,0,1,0,0,0,7,60,89,16,3,16,9,0,0,193,85.71,24.12
203,JT Ball,4,9,5,0,0,1,0,0,0,6,40,60,13,0,27,13,0,0,153,66.67,17
382,TS Rogers,25,9,21,13,4,1,0,0,0,39,77,106,27,2,29,15,0,1,257,64.1,28.56
202,JS Paris,16,11,9,8,2,1,0,0,0,20,113,130,36,4,56,15,0,0,354,80,32.18
223,LE Plunkett,23,12,12,9,5,1,0,0,0,27,48,75,15,2,12,9,0,0,161,85.19,13.42
324,S Badree,7,14,2,1,1,1,0,0,0,5,120,134,30,2,26,6,0,0,318,140,22.71
217,L Pope,6,18,8,2,0,1,0,0,0,11,112,207,25,3,32,19,1,0,399,54.55,22.17
299,P Hatzoglou,6,18,12,2,0,1,0,0,0,15,98,126,23,4,34,12,1,0,298,40,16.56
242,MA Starc,13,20,5,7,1,1,0,0,0,14,99,65,28,2,34,6,1,0,235,92.86,11.75
10,AC Thomas,23,21,16,17,1,1,0,0,0,35,157,191,38,3,44,9,0,0,442,65.71,21.05
166,JD Cook,21,26,9,7,5,1,0,0,0,22,162,212,38,1,37,28,0,0,478,95.45,18.38
395,XJ Doherty,31,26,12,14,5,1,0,1,0,33,190,270,72,8,41,32,0,0,613,93.94,23.58
240,MA Beer,25,45,14,14,2,1,0,1,0,32,416,496,92,12,93,28,1,0,1138,78.12,25.29
320,RP Meredith,9,45,7,5,0,1,0,0,0,13,295,319,60,9,98,28,3,1,813,69.23,18.07
1,A Ayre,0,0,1,0,0,0,0,0,0,1,0,0,0,0,0,0,0,0,0,0,NA
29,AR Keath,10,0,4,4,3,0,0,0,0,11,0,1,0,0,2,3,0,0,6,90.91,NA
34,AW Summers,0,0,0,0,0,0,0,0,0,0,5,13,1,0,1,2,0,0,22,0,NA
68,CA Philipson,4,0,11,4,0,0,0,0,0,15,0,0,0,0,0,0,0,0,0,26.67,NA
84,CJM Sabburg,35,0,22,21,4,0,0,2,0,49,1,5,0,0,0,0,0,0,6,71.43,NA
96,D Fallins,0,0,0,0,0,0,0,0,0,0,8,16,2,0,3,2,0,0,31,0,NA
115,DP Michael,0,0,2,0,0,0,0,0,0,2,0,0,0,0,0,0,0,0,0,0,NA
127,F du Plessis,14,0,9,7,2,0,0,1,0,19,0,0,0,0,0,0,0,0,0,73.68,NA
136,GL Walker,0,0,0,0,0,0,0,0,0,0,4,7,1,0,4,4,0,0,20,0,NA
157,J Morgan,1,0,4,1,0,0,0,0,0,5,0,0,0,0,0,0,0,0,0,20,NA
167,JD Smith,5,0,4,5,0,0,0,0,0,9,0,0,0,0,0,0,0,0,0,55.56,NA
183,JM Herrick,0,0,0,0,0,0,0,0,0,0,22,13,2,1,7,2,0,0,47,0,NA
280,NA McSweeney,11,0,9,2,3,0,0,1,0,15,0,0,0,0,0,0,0,0,0,73.33,NA
337,SF Mire,2,0,1,2,0,0,0,0,0,3,0,0,0,0,0,0,0,0,0,66.67,NA
351,SMSM Senanayake,0,0,0,0,0,0,0,0,0,0,17,3,0,0,4,0,0,0,24,0,NA
354,SP Terry,4,0,2,2,1,0,0,0,0,5,0,0,0,0,0,0,0,0,0,80,NA
362,T van der Gugten,9,0,2,5,2,0,0,0,0,9,6,5,2,0,3,2,0,0,18,100,NA
363,TA Copeland,0,0,0,0,0,0,0,0,0,0,4,5,1,1,0,1,0,0,12,0,NA
28,AR Beadle,7,1,1,5,1,0,0,0,0,7,10,30,3,0,2,3,0,0,48,100,48
41,BAC Howell,0,1,2,0,0,0,0,0,0,2,12,10,4,0,3,1,0,0,30,0,30
49,BG McDonald,0,1,0,0,0,0,0,0,0,0,2,10,4,0,1,1,0,0,18,0,18
60,BS Dean,3,1,4,1,1,0,0,0,0,6,3,9,2,1,1,0,2,0,18,50,18
90,CR Swan,0,1,0,0,0,0,0,0,0,0,15,6,1,0,2,0,0,0,24,0,24
119,DR Salpietro,13,1,15,11,1,0,0,0,0,27,15,19,8,0,3,3,0,0,48,48.15,48
146,HTRY Thornton,0,1,0,0,0,0,0,0,0,0,11,4,4,0,4,2,0,0,25,0,25
160,JA Freeman,0,1,0,0,0,0,0,0,0,0,7,11,1,0,3,2,0,0,24,0,24
204,JW Dernbach,0,1,0,0,0,0,0,0,0,0,10,19,9,2,8,1,0,0,49,0,49
228,LR Morris,2,1,4,2,0,0,0,0,0,6,18,40,6,2,12,8,0,1,87,33.33,87
238,M Perry,0,1,0,0,0,0,0,0,0,0,1,4,1,0,4,2,0,0,12,0,12
245,MG Gale,4,1,7,2,1,0,0,0,0,10,23,29,9,0,11,3,0,0,75,40,75
274,MW Edwards,0,1,0,0,0,0,0,0,0,0,15,15,3,0,8,2,0,0,43,0,43
46,BE McGain,0,2,0,0,0,0,0,0,0,0,15,24,6,0,6,9,0,0,60,0,30
70,CAH Stevenson,0,2,0,0,0,0,0,0,0,0,14,11,6,0,10,1,0,0,42,0,21
131,GA West,0,2,1,0,0,0,0,0,0,1,14,17,3,1,6,6,0,0,47,0,23.5
170,JEC Franklin,7,2,5,5,1,0,0,0,0,11,3,15,1,1,1,0,0,0,21,63.64,10.5
192,JP Wood,2,2,1,2,0,0,0,0,0,3,9,4,1,0,1,3,0,0,18,66.67,9
283,ND Bills,0,2,0,0,0,0,0,0,0,0,9,7,0,0,5,3,0,0,24,0,12
293,Noor Ahmad,1,2,1,1,0,0,0,0,0,2,42,68,9,2,9,9,1,0,140,50,70
328,Saeed Ajmal,0,2,0,0,0,0,0,0,0,0,8,12,3,0,1,0,0,0,24,0,12
334,SD Parry,2,2,1,0,1,0,0,0,0,2,6,12,2,1,2,1,0,0,24,100,12
364,TD Andrews,5,2,6,5,0,0,0,0,0,11,12,34,7,1,4,2,0,0,60,45.45,30
24,AK Heal,1,3,3,1,0,0,0,0,0,4,26,29,9,1,2,5,0,0,72,25,24
35,Azhar Mahmood,2,3,8,2,0,0,0,0,0,10,13,18,2,1,3,0,0,0,37,20,12.33
133,GD Putland,1,3,3,1,0,0,0,0,0,4,51,50,14,1,15,8,0,0,139,25,46.33
273,MW Dixon,0,3,0,0,0,0,0,0,0,0,30,26,5,0,12,3,0,0,76,0,25.33
391,WER Somerville,3,3,3,1,1,0,0,0,0,5,47,61,6,0,11,7,0,0,132,60,44
227,LR Butterworth,2,4,1,2,0,0,0,0,0,3,18,37,6,0,3,4,0,0,68,66.67,17
47,BE Young,12,5,6,8,2,0,0,0,0,16,35,23,15,0,8,3,0,0,84,75,16.8
100,Dilbar Hussain,7,5,3,5,1,0,0,0,0,9,23,23,6,0,7,4,1,0,64,77.78,12.8
208,KAJ Roach,0,5,1,0,0,0,0,0,0,1,61,41,7,0,15,4,0,0,128,0,25.6
246,MG Hogan,13,5,8,7,3,0,0,0,0,18,55,53,13,1,26,4,0,0,152,72.22,30.4
294,NP Winter,0,5,10,0,0,0,0,0,0,10,38,38,7,0,13,2,0,0,98,0,19.6
318,RM Duffield,1,5,2,1,0,0,0,0,0,3,49,43,16,1,20,7,0,0,136,33.33,27.2
16,AF Milne,8,6,2,4,2,0,0,0,0,8,115,99,14,1,36,12,0,0,277,100,46.17
110,DJM Moody,0,6,0,0,0,0,0,0,0,0,28,45,5,2,17,2,0,0,99,0,16.5
123,DW Steyn,0,6,0,0,0,0,0,0,0,0,35,24,7,2,8,2,0,0,78,0,13
236,M Morkel,4,6,9,0,2,0,0,0,0,11,37,59,18,2,12,8,0,0,136,36.36,22.67
338,Shadab Khan,0,6,1,0,0,0,0,0,0,1,28,29,7,0,5,4,0,0,73,0,12.17
348,SM Harwood,3,6,2,3,0,0,0,0,0,5,24,39,8,0,10,5,0,0,86,60,14.33
384,Usman Qadir,9,6,12,5,2,0,0,0,0,19,46,67,13,1,14,8,1,0,150,47.37,25
397,Yasir Shah,6,6,6,4,1,0,0,0,0,11,54,89,12,0,12,4,0,0,171,54.55,28.5
129,FH Edwards,0,7,1,0,0,0,0,0,0,1,40,55,10,2,14,3,1,0,125,0,17.86
144,HNA Conway,7,7,2,7,0,0,0,0,0,9,57,73,13,3,21,5,0,0,172,77.78,24.57
314,RJ Gleeson,0,8,2,0,0,0,0,0,0,2,35,77,13,0,25,8,0,0,158,0,19.75
385,Usman Shinwari,5,8,2,3,1,0,0,0,0,6,70,71,11,2,13,5,0,0,172,83.33,21.5
344,SK Warne,0,9,0,0,0,0,0,0,0,0,80,109,24,2,9,14,0,0,238,0,26.44
173,JJ Krejza,8,10,5,6,1,0,0,0,0,12,67,66,17,6,15,8,0,0,179,66.67,17.9
184,JM Holland,11,10,6,9,1,0,0,0,0,16,74,127,24,1,23,17,1,0,267,68.75,26.7
215,L Bowe,2,11,2,2,0,0,0,0,0,4,72,107,24,1,21,17,0,0,242,50,22
193,JR Coleman,0,12,0,0,0,0,0,0,0,0,65,69,9,1,17,5,0,0,166,0,13.83
25,AL Fekete,3,13,9,3,0,0,0,0,0,12,78,83,19,2,47,17,1,0,247,25,19
255,MJ McClenaghan,10,13,6,4,3,0,0,0,0,13,79,109,25,4,33,11,0,0,261,76.92,20.08
381,TS Mills,1,13,6,1,0,0,0,0,0,7,92,133,19,2,40,18,0,0,304,14.29,23.38
185,JM Mennie,18,14,20,16,1,0,0,0,0,37,76,87,32,2,40,19,0,0,256,48.65,18.29
140,HF Gurney,1,15,2,1,0,0,0,0,0,3,82,144,37,1,25,11,1,0,301,33.33,20.07
345,SL Malinga,2,15,0,0,1,0,0,0,0,1,113,103,27,4,13,2,0,0,262,200,17.47
226,LN O'Connor,7,16,18,7,0,0,0,0,0,25,126,237,35,3,40,19,0,0,460,28,28.75
56,BM Edmondson,0,19,1,0,0,0,0,0,0,1,73,80,20,5,30,9,0,1,218,0,11.47
237,M Muralitharan,1,20,4,1,0,0,0,0,0,5,124,206,22,0,11,9,1,0,373,20,18.65
9,AC McDermott,0,21,5,0,0,0,0,0,0,5,103,101,31,5,29,14,1,2,286,0,13.62
247,MG Johnson,4,21,2,4,0,0,0,0,0,6,213,167,21,5,49,8,1,0,464,66.67,22.1
361,T Sangha,0,22,0,0,0,0,0,0,0,0,96,134,17,2,26,18,0,0,293,0,13.32
139,Haris Rauf,0,23,1,0,0,0,0,0,0,1,90,121,28,3,28,9,0,0,279,0,12.13
116,DP Nannes,4,31,2,4,0,0,0,0,0,6,223,202,38,8,63,14,0,0,548,66.67,17.68
99,DE Bollinger,12,33,4,7,1,0,0,1,0,13,288,308,63,5,112,36,2,0,814,92.31,24.67
325,S Lamichhane,2,34,2,2,0,0,0,0,0,4,207,307,48,4,48,29,1,0,644,50,18.94
359,SW Tait,9,44,7,4,1,0,0,1,0,13,257,263,77,3,95,33,2,0,730,69.23,16.59
39,B Stanlake,16,50,19,12,2,0,0,0,0,33,440,365,76,8,153,44,2,1,1089,48.48,21.78
